order_id,order_time,customer,sku,product,variant,qty,priority,status,ship_deadline,shipped_at,is_priority,is_open,deadline_risk,age_hours,available_qty,stock_issue
ORD-1001,2026-09-26 08:05:00,Aarav,SKU-101,Wireless Mouse,Black,2,Priority,New,2026-09-26 12:00:00,,True,True,True,81.6,4,False
ORD-1002,2026-09-26 08:15:00,Meera,SKU-102,Keyboard,White,1,Regular,Processing,2026-09-27 12:00:00,,False,True,True,81.4,18,False
ORD-1003,2026-09-26 08:30:00,Rohan,SKU-103,USB-C Hub,7-in-1,1,Priority,Picking,2026-09-26 11:30:00,,True,True,True,81.2,2,False
ORD-1004,2026-09-26 08:40:00,Isha,SKU-104,Webcam,1080p,2,Regular,Packing,2026-09-27 14:00:00,,False,True,True,81.0,8,False
ORD-1005,2026-09-26 09:00:00,Kabir,SKU-105,Laptop Stand,Aluminium,1,Regular,Staged,2026-09-27 16:00:00,,False,True,True,80.7,6,False
ORD-1006,2026-09-26 09:10:00,Diya,SKU-101,Wireless Mouse,Black,5,Priority,Blocked,2026-09-26 13:00:00,,True,True,True,80.5,4,True
ORD-1007,2026-09-26 09:25:00,Nikhil,SKU-106,Headset,Black,1,Regular,New,2026-09-27 18:00:00,,False,True,True,80.3,3,False
ORD-1008,2026-09-26 09:40:00,Ananya,SKU-107,HDMI Cable,2m,3,Regular,Shipped,2026-09-26 12:00:00,2026-09-26 10:30:00,False,False,False,80.0,15,False
ORD-1009,2026-09-26 10:00:00,Vikram,SKU-103,USB-C Hub,7-in-1,2,Priority,Processing,2026-09-26 14:00:00,,True,True,True,79.7,2,False
ORD-1010,2026-09-26 10:20:00,Tanya,SKU-108,Power Bank,10000mAh,1,Regular,Picking,2026-09-27 17:00:00,,False,True,True,79.4,7,False
